{
  "model_params": 670018,
  "component_params": {
    "temporal_encoder": 154752,
    "social_encoder": 109376,
    "fusion": 16832,
    "diffusion_decoder": 389058
  },
  "training": {
    "epochs": 10,
    "final_loss": 0.3770697597534426
  },
  "scenes": {
    "eth": {
      "minADE": 1.278352975845337,
      "minFDE": 2.392946481704712,
      "minADE_std": 0.5805934071540833,
      "minFDE_std": 1.1556379795074463,
      "meanADE": 1.90082585811615,
      "meanFDE": 3.6317970752716064,
      "diversity": 5.5041823387146,
      "collision_rate": 0.013020833333333334
    },
    "hotel": {
      "minADE": 0.6577898859977722,
      "minFDE": 1.052651047706604,
      "minADE_std": 0.2756727337837219,
      "minFDE_std": 0.6602303385734558,
      "meanADE": 1.163161039352417,
      "meanFDE": 2.071526050567627,
      "diversity": 5.429036617279053,
      "collision_rate": 0.013541666666666667
    },
    "univ": {
      "minADE": 0.9203255772590637,
      "minFDE": 1.5979639291763306,
      "minADE_std": 0.4102191925048828,
      "minFDE_std": 0.9376937747001648,
      "meanADE": 1.4737929105758667,
      "meanFDE": 2.6941592693328857,
      "diversity": 5.384396553039551,
      "collision_rate": 0.013802083333333333
    },
    "zara1": {
      "minADE": 0.8465231657028198,
      "minFDE": 1.3849784135818481,
      "minADE_std": 0.3796047866344452,
      "minFDE_std": 0.7765448689460754,
      "meanADE": 1.3350368738174438,
      "meanFDE": 2.3881959915161133,
      "diversity": 5.468516826629639,
      "collision_rate": 0.012434895833333333
    },
    "zara2": {
      "minADE": 0.7173371315002441,
      "minFDE": 1.1432762145996094,
      "minADE_std": 0.28257986903190613,
      "minFDE_std": 0.6992242336273193,
      "meanADE": 1.210621953010559,
      "meanFDE": 2.1396937370300293,
      "diversity": 5.388598918914795,
      "collision_rate": 0.010872395833333333
    }
  },
  "average": {
    "minADE": 0.8840657472610474,
    "minFDE": 1.5143632173538208
  }
}